screen_name,isBot
faracyaziyor,No
elifgibirt,No
buocguldurdu,No
__baba1yaga_,No
hakanyilmazcebi,No
simal_resmi,No
ebrar_kubraa,No
mehmetgedikbas,No
doctorealex1907,No
yusuf49711611,Yes
aslihankom,No
btwcatyoon,Not sure
hemgezerhemuyur,No
ic_ses06,No
whoviaannnn,Not sure
wirntr,Not sure
omerserdarcomtr,No
xiaoyue_yue,No
eneesuwu,No
turkerbalkar,No
kurtkonseyi,No
anilozuturk,No
audisquattro,No
sergusejt,No
yeterzeynep64,Not sure
n1am014,Not sure
ezgi_nur5,No
dicklover_kin,No
aysenurryildiz,Not sure
ayse_cebir,No
eyupozkececi,No
turkyazi,No
komikkralar,No
teknolojikolik,No
ferhatbazik,No
zenga_2121,No
nvrayrs_gs,No
karskgazozderya,No
hseyin69085874,No
noshiessfly,No
tmmkalem,No
hesenff,No
atamanayberkah3,No
geeceadami,No
zeytinciceg,No
onureraslan94,No
ali____1453,No
fm_su34,Not sure
cankayaltintass,No
hazlbigg,No
ozgedediki,No
ozozerer,No
foodeng50856345,No
suheyla91737059,Yes
omayhatun,No
ergl72578976,Yes
iyipartikadin_,No
doktor_sarhos,No
hamilekal63,No
naci1923,No
ahmetzmercan,No
mustafaenkal58,No
muhslihiddinyi1,No
hertelden50,No
dromerselimalan,No
c06emreali,No
sebitmisbiei,No
osabahci,No
erdem2929erdem,No
sudeulusooyy,No
uraniaastrology,No
abisayn,No
duy_ah,No
nur_keyifli,No
suheepgulen,No
dursun73378381,No
betltay2,Yes
ysrgcl,No
melegim213,No
mrtslm40,No
altiokdelisi,No
2021imd,Not sure
forthebiirds,No
yakupkildaci,Yes
mcenk12,No
osmaniyevalilik,No
betl34438385,Yes
baranay49628255,No
venuss_kizi,No
hi_fistikko,No
yeidev,Yes
balyozoperatoru,No
lalinehome,No
ataknecmettin,Yes
gazianteppusula,No
_ozlemkadagan_,No
tobiasmakkenzi,No
servisyinegeck1,No
esratmr5826,No
gsb_giresun,No
myominw,No
sadecethem,No
twittkut,No
hale57786963,No
hipnotyzacja,No
c8537919781341d,No
bbsekreterlik,No
melintos,No
elahed2,No
diplomatikstji,No
saidahuseynzad1,No
jenmikeman,No
rumeysamir12,No
okanciinar,No
hzsogno,No
feridekaya0,No
zlemakman6,No
ylmazsoyer1,No
lmaz1214,No
madamsevgii,No
sudakisone,No
mervsall,No
mersaomer,No
nasiyaniaskim,No
fidandrl,No
nilguenkilic,No
farsaknaci,Yes
_taylan__,No
lodos79,Yes
messisporluyum,No
halilcigdem9,No
sshievrs,No
arzuu_ing,No
borsanotlar,No
ylmazseker46,No
reis_oldu,No
baharrcs,No
squailacci,No
mbb263435,No
solakhcan,No
nzilezdemir01,Yes
deregokdeniz,No
99buraksonmez,Not sure
hayrkalp,Yes
bskalikilic,No
yusuf29174475,Yes
ramazan_kekil,No
iluvmarkie,No
turkanertem,No
gamzeka82225363,Yes
hkn_yldz0,No
memetkose25,No
mehmetd60409875,No
disipointed_mom,Yes
beyzzguneyy,No
ncosn,No
kulanicool,Yes
amkspor,No
boruy21,No
alcanbolat7,No
mahmutyrk8,No
idem58874316,No
kadopetrov6,Yes
abdulkadirisik_,No
nezaket39389912,Yes
birnbirk,No
siribo2,Yes
ayse3245,Yes
ceyliiins,No
corcrusselll,No
ceyhunozturk35,No
arslanmehmeet,No
toh042,No
fevkalbeser00,Yes
ahmeteminhayali,No
eytbeynimtok,Yes
kardesder,Yes
hayaller485,No
sunger_esra,Yes
dilarakdas,No
fermandarbtc,No
sinanamaosyfc,No
tweetteryazari,No
_erdeem_,No
chpmuratbakan,No
mlsfbyz,Not sure
nurdangelen,No
sadeaala_,No
fikir_36,No
egitimonlie,No
anitparkforum,No
321__tugbaaaa,No
abanggkunns,No
mizgin7474,No
semaanuurrr21,No
vitestv,No
fawerman,Yes
huseyinburge,No
kayyumbaskan,No
ligookur,Yes
akzey1,No
karagoz_sebiha,No
fatihyilmaz341,Yes
hsyn_k06,No
laura_gulay,No
ardanzenturk,No
aslihansays,No
coinmiss4,Yes
muammerkilic20,No
wsidal,No
ecaneraltan,No
cigercitc,No
lalehasanyavuz,No
leka_ercan,No
xseaty1,No
frkn__61,No
ihkarakecili,No
mansurturgut,No
fulaktf101,No
ilkaysiyahbeyaz,Yes
unlusoymehmet,No
nektelkalay,No
kekechuseyin,No
itzs_ali,No
umitkartaal,No
karakaya_gungor,No
yillar_kayip,No
hevalrojhat,No
_mehlika_,No
ramizkaraeski61,No
maxreew1,Yes
taylan19191,No
sencualis,No
hafizecaglarr,Not sure
gergerliogluof,No
bodrumtar,No
bozkurthseyinn,No
aytekinatas,No
yenialanya,No
esrakan06586459,No
edipkurbetoglu,No
antihesss,No
rutinkatildir,No
senyucelhasan,No
katyush14757523,No
kurtultv,No
hipoqondriyak,No
28haritac,Yes
i1sera,No
ahmedemir321,No
btcforest,Yes
alidurm26871904,Yes
fame1985,No
oustundag_,No
candanlyrics,Yes
ylmaz_basaran,No
icannn___,No
soceityf,No
ismail_capkin,No
bragkta58500533,Yes
kimli7kimkayip,No
sakucollects,No
ozzzleyy,Not sure
mete0853,No
sercankrcc,No
haticeisbilir66,No
bubloo_gs,No
__basbelasi61,Not sure
yaman_0227,No
mehmetkacar0,No
jontrk2,No
arzufuk5553,Yes
songfornothing,Not sure
winnings_sure,Yes
cemrekarakc,No
bahisanalizcom,No
tunahaan,No
demircifunda1,Yes
bersuaygun,No
konyasporlum42,No
aydn_1453,Yes
marybisal,No
candemircan_,No
hakkiyemezler,No
lisbet82444576,No
harley232578,Not sure
eknkllktftrckst,Not sure
rilakkuminho,No
reis_oruc_,Yes
thekarats,No
cahide4234,No
izmirde_siyaset,No
fergonomik,No
since1931881,No
ozalp72,Not sure
slmzrn,Yes
twitdanismani,Yes
mrtcftcc,No
wacchadoin128,No
deryaayse6,No
kanatreal,No
akkuratua,No
batuujkk,No
ayhanel64118519,No
tr_artemis,Not sure
hakaanyzb,No
prensleclerc,No
mitskikacaklari,No
thevoun,Not sure
sensinpembe,No
bariserturk_,No
peldanayman,No
kralgayekral,No
akgencmalatya,No
k24turkce,No
ugurcants611,No
tendayizinyama,No
mkuleli,No
ilhanali34,No
betunal_,No
esmdaily,No
jeonraw,Not sure
ruveyda_kecebas,No
simsek_suphi,No
rickthesizzs,No
muhibbice,No
bascim331,Not sure
erdal331976,No
gozyagmuru,No
cenkbeg,No
zehraka46425051,No
zeynepsltnsmsk,Yes
berdaerbek,No
palaalt,No
imukhty,No
murat342002,No
aksevdamm2,No
ahmetay08796492,No
kursatklc,No
35senkerik,No
1_dvrm,No
aynilmoon,No
yasinbikriye,No
leylacyln1881,No
mia124121,Yes
fantoken26,No
sevgicigimm,Not sure
cyranodebinist,No
akymz02,No
f9liz0,No
_chatter_boxx,No
byrambaser,No
pawluns,No
lypophrenia7,No
kaktus0002,No
trsever12,Yes
goldenofserry,No
lilililibethh,No
brk10109,No
bulutyolal,No
avantipopoio,No
mistynight20,No
ozlem42322214,No
hoplatirtarik,Yes
manisalnc,Yes
serifenurtsdmr,No
dundargumus1,No
yuzyuze33,Yes
arzuuusnck,No
j_souza7,No
mustafaakin1905,No
craigcfc_,No
ahmetgider,No
fishartbicycle,No
protestbi,No
senemyildiz06,No
melihoksuzccc,Yes
mehmetcelep_,No
zarife14073931,No
nataliegarfiel1,No
cennet51605036,Yes
ajansrumeli,Yes
konyasporscout,No
alpiroglu,No
fbgrknn,No
brainstormm1661,No
gamzeates__,No
remziduran07,No
gazetekarinca,No
urgirlprenn,Yes
erdogank_1973,No
awarepasam,Yes
umudumsun__u,Not sure
kenanyolasan_1,No
cenkunl,No
sedabspnr,No
delihanem,No
orhan13607494,Yes
sultan_i_yegah,No
haliliyebasin,No
61nihatusta,No
yeteryigit9,No
asenasej,No
muammerbilgic__,No
ndermaden,No
miralayhakan,Not sure
evesgirlinhell,No
dogan_ustaer,No
hseyinpeker14,Yes
akberov_asiman,Not sure
cavitkayasss,No
aksultans,Yes
astrologyestir,No
denizaksoy574,No
dgokaykaba,No
flyily35,No
oykuutuncc,No
caglayansevin,No
918cansu,No
ahsenilhan_,No
taehyungii_1921,No
herendiz,Not sure
yagizrari,No
elmasarici5,Yes
is_semahat,No
akrudoit,No
hnozgen,No
belgind19322964,No
_walee_,No
zeynepimhanim,No
xtrabalhista,Not sure
butiamlooking4,Yes
acildurum64,No
avicennacosmetc,No
bisalyabeni,No
hasan67551568,Not sure
ankaraford06,No
efemevlt1,No
dursund13021363,No
aliesatkeskin,No
dgjkdllg,Not sure
malmazelll,Not sure
antrepo5,No
yakupsaritemur,No
sdee3169,No
berkinblogu,No
bir_kulcuk,No
davutkaraca027,No
mahmut_coskun_,No
takip_kampanya,No
kapellmeist3r,Not sure
turkteknolojisi,No
kutsal_trader,Not sure
irfangencerr,Yes
osmanli_reis_,No
yamanyuksel37,No
tahaozdemir24,No
ibrahim15127626,Yes
canimbenelis,No
sciencemerv,No
resitof61,No
kbrauygr,No
aliaslikk,No
ozkany_1453,No
necatiaydinnn,No
benimsulis,No
betuull_b,No
airilynx,No
alperenantebi,Yes
hayatbesiktas34,No
alpege45,No
armancsiphan,No
musagunaey,No
neclamercan11,Yes
selcan_hatun_,Yes
damlaswa,No
afacanbeyy,No
41huseyinn41,No
thoko_shabangu,No
macyayinlari360,Yes
dummieseconomy,No
muratbu42656584,No
ahmetdogan1814,Not sure
erdenler3,No
iceman69632269,No
hasanbrdkcioglu,No
___onur___10,No
gecedekisesizlk,No
hakanoztrk_,No
mekselinb,No
idem20888825,Yes
llanki29,Yes
metinberin4,No
babafingoooo,No
ilkataysel,No
_trakyali,No
the_sef0,No
jaeyun_mails,Yes
mimararchitect1,No
sultan04854416,No
berkgun,No
secenik,No
mine_0690,No
mebguvenl594906,No
hakikatesevdali,No
birkul_rt,Not sure
mustafayndm19,No
yolunyolumuzdu1,No
kobrakanaria,No
koinboxnet,No
firatbrknkulu,Yes
slectrasmiles,No
azimenagihan,Yes
mucahitarinc,No
markopasatv,Yes
a_yesilx,No
pandapa35975098,No
khosann,Yes
cresyresy,No
hasan55352907,Yes
eda21698720,No
justiceforsemi1,No
leejieunwoo,No
_kabachatun_,No
yildiz_bafti,No
aryo64314306,No
kadircil,No
hamurab20388347,No
kurandaveti,Yes
ankaragelisiyor,No
koutheace,No
gokay_gks,No
trdetroit,No
silendyou,No
lanagfkardesim,No
jongunletafeti,No
holybreath,No
prms34,No
mavera1525,No
gokhangark,No
1997au71,Not sure
acemitrader02,No
krmtrk_k,Yes
pekerugur,Not sure
altikirkbesde,No
emincolak25,No
cburhaniye,No
hazallarslann,No
imirzaalya,No
qubrarbuq1,Yes
tgoruryilmaz,No
ruhensiyahi22,No
karsiaktuel,No
h_emreyilmaz,No
balabantatar,No
holymountjudi,No
alimgod,No
meto1969_,No
keyofheavenn,Not sure
aldatan_nlar,No
sevgiask1905,Yes
birhemsire344,No
mucahittepe,No
ailesindenuzak1,No
akkosebrs,No
sbalyedisuat,No
bakyabisuss,No
deryaimat,No
yazar1_aysen,No
hella_badid,No
bahtkapisi,Not sure
semradnzz,No
osmnozcn21,No
emrullahayranci,No
_biktikya,No
eliffayydin,Not sure
ankaloq,No
mustafa66121179,No
halilbabilli,Yes
nnuraynuray,No
karmaasherif,No
zgrakcan11,No
atlak39805973,No
oguzhannderya,No
sleymantke10,No
itsmk05,No
bayram63567682,No
gamze34196704,No
metingrn,No
beyler_sinan,No
kaanbedestenci,No
teksinmersin,No
21inciperon,No
haberresmiii,No
pasaa_zadee,No
kemalozturk2020,No
maltepeakparti,No
ak__sevdam__23,No
hukuku09727623,Not sure
sezer48751934,Yes
snavlarptal9,Yes
aksybnci,No
poison_1905,No
rterdogan,No
recepbakideniz1,No
mustafakalem_38,No
semih_ulu,No
karabulutnail,Yes
muttalipozci,No
asl47839320,No
murpa7,No
gockengamze35,No
diyetisyennnn,Yes
smet80169860,Yes
uzakkalbimalin,No
onlytru55882365,Yes
eatmyjm,No
yankee1925,No
bilsendagdas,No
kahraman1753,No
poyraz14747865,No
itornalsunsayn,No
xvolkancelik,No
almina30046904,Yes
ssdergilik,No
afaruk_yilmaz,No
sunauslu1969,No
mephisto0707,No
tc_berfin,No
genlosstv,Yes
dhhryyfdvb,Yes
isikraf,No
bertaankartaal,No
muzaffersevil6,No
rukiye_6327,No
canersaltan7,No
abuzertilbac,No
mbakgunungpati,No
akbahcelievler,Yes
iozguner,No
trsrhlah1,No
mertcullu,No
sebnemonair1907,No
carlormrszenik,No
abdulkadirtrk9,No
barbaros_celebi,No
mehmetdagtekin_,No
mehmeteminsin,No
alaatdincurek,No
1919ulusdagi,No
canselkaya_,No
mustafaimat4,Yes
wwwurfacom,No
zcagla_,No
gokaymd,No
oflu_3461,No
servetdogan,No
lking1905,No
ckoncagul,No
lhan84808571,Yes
ssefakbulutt,No
tugratim,No
kizilsultan07,No
tr__via,Yes
kocakpmbgl,No
rumunmekani,No
medarcc,No
ozguresesra,No
adnozt,No
seydiahmet1,No
beyzaamtn,Not sure
erkanka3030,No
kontseliddze,No
halim_pat,No
gitmismis,Not sure
nevince1881,No
acizim7,No
aynenselincnm,No
hyumimin1,No
glmercan6,No
anapaularojasss,No
onurtulum,No
cancoskun,No
surmeliward,No
atesrecep2,No
akpartieyyubiye,No
dilarakturrk,No
aytkmrvaylz,No
hwhsjwh,No
fthcrtk,No
thepugdoggy,No
albayrakh1,No
emirhan84796130,No
partibaskanligi,No
zahidetoprakk,Not sure
erkinoktay,Yes
tukenmezhaber,No
murat_bayram_,No
rr19071907,No
yalcin1903,No
pinarcinali,Yes
diclekrb4,No
nihatkasikara,No
_eyluulll,Not sure
showulightnin,Not sure
islamsancar47,No
benollhikmet,No
kamilkaradeniz3,No
omerlekesiz,No
olmazarkadaj12,No
dogabilimorg,No
ozcankefeli61,Yes
neleroluyorhey,Yes
ecesalih4,No
lalarisaland,No
turkancilingir1,No
erefylm29771352,Yes
seungbxg,Not sure
keyifcibo,No
nevzatkocakurt,No
sgoloza_esmehlo,No
_aybukegunay,No
kriye50532584,Not sure
iyikagithane,No
umut18651739,No
sevgi95689062,Yes
ferahkayar,No
haldunkvnc,No
beylikduzubeltr,No
ulu_yavuz,No
fernandoregess1,Yes
_batuertan,No
semracabrero,No
ogzgrdp,No
ivchieftain,No
dazalfairy,Not sure
commedihaber,Yes
onurmirac61,No
g0ldrushz,No
1esn_,No
mericsalim,No
eceyimme,No
pengu_emo,No
turkinternet,No
akpartiniksar,No
artofnh,Not sure
bencedelale,No
nisarana14,Yes
haberantalyacom,No
kurtbalam,Not sure
jokerogretmen,Yes
mkachp1923,Yes
kronoshaber,No
afrodit_60,Not sure
mkiziltoprak,No
mmsenmm,Not sure
samet33333,No
mertowwski,No
basingsecrypto,No
mhpbursail,No
ceydagrsoyyyy,No
mausolos1,No
hyufoxie,No
zlhasln,Yes
je_ju_ni,No
k00277259,No
onurn1919,No
bambimood,No
tanergurlerr,No
senciyizreiss,No
nazmiguce,No
mericcangul,No
zeuszade,No
mindellay,No
murat87423664,Yes
jokeorcandy,No
orali48,Yes
mo0njuice,No
cagr1ozdemirel,No
orhonoral1975,No
naz1usta,Yes
sezginyilmz,No
nuysima,No
ssemiraq,No
mustafamakas7,No
zgr88731305,No
cengizhanbasara,No
haber365,No
mtopal4882,No
mustafa072907,No
firdevsbardak,No
mehmetozhaseki,No
yuksekmelike07,No
mmkorana,No
rtesevdalisi027,Yes
cihangirsafevi,No
serdarmuratbal,No
ibrahimyasarben,No
zht99240734,No
sulelalalala,No
lighubspor,No
itjkyh,No
zahidetatar35,Yes
hilmiisikoren,Yes
tubaegri,No
batmazgokmen,No
nilfercece,Not sure
emreduymaz,No
stlgotheblues,Not sure
alpkim2,No
futbol_5,No
ilaydakesginn,No
telsandalye06,No
malitr045,No
bizbizeyeterizc,Yes
betaeland,No
adnomaya,No
avuralbora,No
kadirkaraca01,No
neseli_moon,Not sure
mihail_talriga,No
edaktls,No
sezaiakka,No
cizimsiz77,No
bigelbisidicem,No
ahmetgorunmez1,No
fenerbahcehaber,No
gizeem__g,Yes
zambrotta31,No
enduksiyonb,No
muptezelagalar,No
yasindemir61,No
3bilgeadam,No
kubraayilmaz12,No
yvzsaadet,No
alipulcu,No
minadide,No
tkevseroglu,No
bulent80027731,No
nazabkk,No
eylularapi,No
hakanatabeylim,No
faruk_636363,No
kbra9763,Not sure
bahadryksel4,No
gecemavvisii,No
hseyink95078377,No
justicedie01,Yes
leylaouz8,No
hseyinkylolu,No
27gigan002,No
kutlu28133836,No
yasoisik,No
ilkeimza,No
ahmetxdal,No
altinfurkn,No
bandirmas,No
alamukvar,No
msb34aksu,No
madamnz,No
iamsheilahunt,No
serroose,No
karasakal30,Yes
yusuf8161,No
loopus025,Not sure
derdaabrasol51,No
cryptothoor,No
mahide78406670,No
_duzen_,No
ahize11,Not sure
imarbrs_sahin,Yes
muskulpesennttt,Yes
ozaydin65,No
osman90672585,No
selcukcatalkaya,No
x_z1_asefuz1881,No
06olcy34,No
sekalapsh_,Not sure
lisemat95,No
laborantt123,No
dilaverkaynak1,Yes
hilalin_glgesi3,No
fatihsu07670770,Yes
mzlmkrdmn,No
favks3,No
zeynebdemirel,No
ayceornal06,No
ercan46100,Yes
yusufayd69,No
bolumerkezilce,No
sadeceravzaa,No
holyblacktears,No
fatma06dr,Not sure
bbiruvv,No
delirmisbizumut,No
goldenmoarmy,Not sure
camliyaylamem,No
maakgl1,No
ayhandemirtr,No
13bgcnvc,No
mcahitdzgn14,No
hvesselamm,No
antartikauvv,No
thebishopman,Not sure
allektamuvik,Not sure
yxrasl,No
kenan59435045,No
61tgbkck61,Yes
daddys4ngyeon,No
giocareefinito,No
evketeminolu1,No
shngrz,No
cavusll,Yes
gultenunluu,Not sure
kisacahayat,No
fthtur,No
siyarjk,No
playspor,No
daghanislergs,Not sure
halkaarzhaber,No
nessiekk,No
tkisfortaekook,Not sure
karaa_semih,No
ogrettmenimsi,No
by_gnni,Not sure
abkadir63,No
ludwiozge,No
kulkedisi1964,No
anestezicii1,Yes
prahsa,No
wshakespre,Not sure
ahmetyagciyagci,Yes
samet91915161,Yes
mayanesez,Not sure
fatihyilmaz1616,No
bugunguncel,No
bahri_kaptan,No
h9tgyal,No
mustafagungen,No
esmaakurt0,No
yakup4801,Yes
seymaminazz,No
sonfeciaslii_,No
_oznur36,No
06melihgokcek,No
cerenaltiparmak,No
mustafa235380,Not sure
mahmutboyraz44,Yes
naciyasa3,Yes
nurulhaayati,No
cc1cc1cc12,Yes
vethekimseda,Yes
karagozzbirol,No
ayeglkaraturgu1,No
dekato7,No
recepekici_58,Yes
melekcemre35,No
mehmeta09022537,Yes
jimincosmos,No
dogumarmaramrka,No
blackkplanett,No
zeynelkkkk,No
jimeuslut,No
_ertugrul70,Not sure
anamuriyiolacak,No
_cevdetyilmaz,No
kpssgazisi,No
kuralkaide,Yes
randerib1,No
osmanlt51864051,No
kptneve,No
_redamancy__,Not sure
erdalcokun13,No
eyt_kadiryavuz,No
_kleopatra1,No
mavi_vatan_,Yes
wsaysperfect,Not sure
konusmasanati,No
kendihalindeae,No
basaksehirozlem,No
fenerii_ressam,No
ozdemirrhayati,No
sadidogan,No
hcetinler,No
ekerhoca23,No
algimiz_pis,No
esma43188066,Yes
gepettoousta,No
podkayfom09,No
nazzeeee,Not sure
frknskenderoglu,No
bturkiye1,Yes
vtaeskit,No
1seydiyecektim,No
benbirabia,No
emrah61403833,Yes
thkoncuy,No
sevantinil,Yes
sexyhatun4041,No
nur_ozbekay,No
borayovski,No
ayceornal,No
limonhaber,No
berkaydiriar,Yes
meliharif15,No
ysf3265,No
mkilic0025,No
ataminkiziyim,No
hhyunbaby,No
sleymannecip,Not sure
jiyuese,No
rem22485853,No
dexmod,No
e_sarizeybek,No
tvhataybstv,No
6aekyun,No
louisturkiye,No
iem_tr,Yes
nilgun_ok,No
denizgokturk58,No
busvat,No
metaversebtc,Yes
sudeyilmazer_,No
limanik2,No
nezaket27940464,Yes
fatihceligim,No
61trabzonhaber,No
horanswalls,Not sure
cekureisiniz,No
055_n1k1,No
cemilka06626477,Yes
fatmasirinel,No
wispyrosie,No
ptbsrbck,No
zer35353,Yes
gkszynp,No
degoatdj,No
ozgurozturknet,No
sonyazbukucurt,Yes
omer_turanli,No
pelitoglu_ozlem,No
saltmal,No
ozcanserkan,No
ayberkkys,No
lavinyalavinia,No
aiskenderlexi,No
ortamdabugun,No
dudayev4dudayev,No
muhammeddd61,No
nesibe_571,Not sure
izidoenyas,No
mat_kro_mention,No
ilhan0695,No
emirkosif,No
tcailesosyal,No
atavratmerve,Not sure
senelsavci,No
kursatercan,No
zeynepdenbiri,No
asoganci60,No
caginyo,No
lillamiasu,No
_canandemiral_e,Not sure
bdikmen01,No
ozcanatabas,No
tae_momy,No
fuatozturkf061,No
ezici31,No
ayenurrak,No
shaammone,No
1schizophrene_,No
goddessofmars98,No
seda_drmsx,No
monstercuc,No
ahmet57278619,No
kemal17173,Yes
m_melikeem,Yes
delii_maviiii,No
aziye22,No
dmlapnr,Yes
kobsadpanda,No
__kahhar__,No
ahmetkkmen18,No
htkc8,No
ekdertlih,No
demet7777777,No
azerkaraca01,No
nk41111718,Not sure
geziiau,No
hasanoruc60,Not sure
gardas60092783,Not sure
celilafar1,No
sldgokce,No
isoekee,No
ncimen,No
berkanty1406,Yes
suturkm,No
aynenyhha,No
ustatrader,No
ercanozkan35,No
pnarzgl7,Not sure
kratosbunny,No
occult_person,No
swingyypie,No
derya26745389,No
hakan30407680,No
chpizmirkadin,No
ceylandan11,No
omerfaruk_real,No
ahmeter13367153,No
yasleww1,No
nazrins6,No
yorgun_bozkurt,No
luvbodytalk,No
mvuk359,Yes
kipcaqq38,No
sabancopuroglu,No
semine_senel,No
dururok,Not sure
ahin67922942124,No
19922018z,No
nazmiye1542,No
metin48251036,No
madsdilfelsen,No
m_tuylu,No
kbranurogrtmn,No
ttbulent77,No
altunqmer,Yes
ryusfavgirl,Not sure
eemeray,No
enazkya,No
ismailkutukk1,No
akerbomp,No
kuscu_000,No
arthrmrgn_,No
ashxjycap,No
adana_sm,No
ssilaiste,No
daktilo1984,No
mstfkc7,No
mhmta155,No
__mustafatr__,No
cizirtiyapma,No
feraydogan,No
bekirhasturk35,No
foolforperry,No
aysehakan98,Yes
soyersavas,No
otekisen,No
gursahin_meral,No
yknc_g,No
ftseker,No
gzdsarikaya,Not sure
ndnecodeniz,No
yunusdadasoglu,No
aylak_oblomov,No
augurbicer,No
reisyencek,Yes
melihserdngecti,No
serefsokagi,No
sakinolmelisaa,No
gokcekosedagi,No
beincryptotr,No
mtn_mtnn,No
avukatbelcin,Yes
etkinli34735139,Yes
lcdpt,No
burakberkbulut,Not sure
galaktikargo,No
bedo353535,No
maedrec,No
guldengul13,No
narcicegi_06,No
merverdgn35_,Not sure
fenerbahceli1av,No
wallci1,Yes
eminedeniz_,No
fers4t,No
ziankrkd1,No
frknnymn,No
nurse03030303,Yes
gagagagagalala,Yes
ayseaygun35,No
funda4707,Not sure
jdanuu,No
encalbayrak,No
oguzakturk,No
_abdul7007831,No
canerkokles,Not sure
assskeladd,No
bebiktay,No
hdpkartal,No
fnrbhce772,No
vitdrite,No
turkansener1,No
cemalkiziltepe,No
uysal08544461,Yes
aysena_ay_ay444,No
jackhammerilson,No
meliss3can,No
oktaykly,No
casinocuabii,No
celikgusen,No
digi_cem,No
peri6670,No
bebeksiprofilll,No
veys80,No
24turanyilmaz,No
aysenngibii,No
feslegensok_,No
zemberek53,No
destnymka10,No
elif___9,No
ahmetuzun_mhp,No
kuantumkedi,Not sure
menzilel,Yes
eyupyildizlar,No
adalet_07l,No
hafz_20_,No
odaidahir,Not sure
yavuzdegirmenci,No
ferhatt_1905,No
hasannurfaa,No
ayaz2382297769,Yes
dalingillerden,No
cimenslvin,No
mrvsnl,No
alintimuhendisi,No
candldbn1,No
ozmehmetemin,No
nagihanuslu41,No
yasar3422,No
hmtyldrm79,No
sertada40807884,No
niggadiax,No
ozilvekili,No
hani10551nerde,Not sure
erko31840616,No
nurdem751,Yes
yirt_art,No
amanbecucu,No
nothing10me,No
ahan23194036,No
sellisyaa,No
sadecezhra,No
_yavuzatalay,No
iskorpitxx1,No
sayinbasin,No
sevalkutlu1,No
asayallar,No
hadiyurufistik,No
lmaz3429y,No
rubwolfe,No
hknkse61,No
brsinmuffin,Not sure
mstfunuvar,Yes
_hak_tivist,Yes
sahsinem1,No
abdullahgltkn56,No
koshkaokeann,No
sannaneaquum,Not sure
ayseezr,No
afadbaskanlik,No
cetindikme,No
polaattpalazz1,No
beliz9765,Not sure
burakaltac,No
mstfmusic,No
pervinylmzglr,No
dbb_2020,No
olwethumakopeni,No
aslenvarim,Yes
nazmkay68080843,No
bindokuzyuzkm,No
istanbulnehir,No
ramazan_engin,Yes
ahmetaltaay,No
cengizbedel64,No
souzavekili,No
delikiz1923,No
adanaemep,Yes
ergngn9,No
ynwa01791674,Not sure
sefiiim,No
nasilolacakkii,No
erkanaslan23,No
arzu69627572,Yes
ne_ayca,Not sure
sungchancit,No
sevincgs01,No
princ3yut4,Not sure
kedyajax,Not sure
sehirlinhtr,Yes
esranurmuratozd,No
calculator00,No
fuesenlik,No
destinyzee,No
mehmeta60660146,Yes
aksariyer,No
yinemiyoksun,No
kaderemahkumb,Yes
sametakcabjk,No
daavi_aku_,No
ayhan17734790,No
skynoyan,No
nasuhmesutakdag,Yes
melk_mz,No
nedemistikkk,Not sure
yasardemir5,No
umbertoarte,No
arlanmaz,No
kartal09190309,No
tukenmez_k4lem,No
tuuba0115,No
sibel70337164,Not sure
bakisimsekmhp,No
jiraiyareis,No
sema4711,No
omardnz_,Yes
serhat90247082,No
zehrabu96448975,No
eypbolat,No
21_klas,No
hidoarslan,No
mustafaerdindu1,No
gozlemcier,No
yalpuzo,No
mccntree,No
serhatkayatc,No
kasikcikasikci,No
kochavva,No
stupidvizor,Not sure
bilal___aga,No
cayakpartikadi1,No
sarikafalisap,Not sure
diriserife,Not sure
sibelah38960652,Yes
filiz175,Yes
abdurrahmanv53,Yes
fatihaydin_tc,No
biueternai,No
narut0uzuki,No
cihan4261,No
hsn_yilmaz61,Yes
_duzelicezbe,No
youre4ever4me,No
idealistkripto,No
nicolomeiii,No
halimeerdemirr,No
minel83737594,No
bahcemedokunma0,Yes
isimsizaday,No
gokhanbeter,No
ssayitozbas,No
sinancan54,No
rubulhalil,No
ankaramasasi,No
havvaefe13,No
yasinmertalan2,No
lorenziibf,No
abirler5,No
gamzelias,No
karadogan67,No
karaaozz,Not sure
profdrturgut,Yes
tutituti3t,No
kainatyobazi,No
susarsam_olmaz,No
htcozygt,Not sure
irmakg2703,No
omrzgr1,No
durmuskaraman3,No
skn_kale,Not sure
atanacakprmdk,No
garip14515374,No
prusyas_plus,No
elifkur17320062,No
umhnakgn,Not sure
muratozutok01,No
sebay78725771,No
kahramandeni,No
nihale66268139,No
kestikki,No
neaskibeh,No
zeynpkyll,No
nezakettezcan,No
oliv_1299,Yes
melek95546517,No
aztecgoldhero,No
mustafacoban29,Yes
voilabts,No
mhakar31,No
sohosaho,No
yfidan81,No
madambovaryn,No
renesmina34,No
malazgirtrt,No
deryatimucin,No
ucanos66,No
banayalanatma_,No
atama2021atama,No
nagachikie,No
gonyali_4206,Not sure
mhmtakgyk,Not sure
calikusu_73,No
yokdir,No
ugro7,No
ottoman20200,No
rmysakrkyy,No
fraumulteci,No
1rs0nkaya,No
umutkarakus27,No
politik_bakis,No
lemundosportr,No
umut29_,No
apocalyps_as,No
bekiryazici71,No
necatit90163511,No
sait_yatkin,No
wolweys05,No
_ozkanozkul,No
eness_turann,No
muratmuratdmrc,No
agndz16,No
idil20231,No
paa81642135,No
chendrella,No
karasuat3641,No
elymosby,No
berradowski,Not sure
cpt_cevher,No
hsynkrky67,No
kayyaa96,No
ferhatjr3,Yes
__asli____,Not sure
osmanozcelik,No
mendeburlaaar,No
leblebi_demir,No
gozdedcn,No
topaglardaa,No
llginayy,No
_eliflk,No
ezoistan,No
metehan60182270,No
hakanak92259955,Yes
merveegfb,No
erdal1234erdal,No
mistefa_acar,No
kucingkostan,No
kaudupul_0709,No
sunayyumli,No
1caydanlikkulbu,No
adnan46n,No
arasdamlalovee,No
ekincicagdasss,No
delinin86230506,Yes
eliffblkba1,No
hmeleekkk,No
sanliurfaism,No
portakalminho,No
zynpatalayyy,No
bi_baskan,No
adara_woo,Not sure
ridvanduruu,No
hakansukur,No
loveperestt,No
askandenizoztrk,Yes
gizlirobinhood,No
z3s1de,No
frat54757440,Yes
kalmakm,No
haluksamimereli,No
zgrasla51303666,No
lost3410,No
umutdunyasi20,Yes
yusuftekink,Not sure
pandaamabos,No
kahramanayegl,No
toylak2,No
sardes88,No
loveswtch,No
yulaflibar,No
mugeeyt,Not sure
dombilli13,Yes
veysel5416,No
meristada,No
bangtan_az,No
fatih33828030,No
hapancuk,Yes
sbsvsonsuzluga,No
oznurcalik,No
btbanaliz,Yes
minossuum,Not sure
sonsuzlukkk17,No
i88i__38oo_atam,Not sure
kumsalziraatm,Not sure
trblnfxn,No
gundimy,No
myheartyou_bts,Not sure
tamdemirfatih,Yes
a_fettah_sahin,No
kudret_1907,No
nergisakbb61,No
boy_cotttt,No
yavuzunklc1,No
_35asena,Yes
yaz234566,Yes
fuataldemir,No
tommofreyaa,No
sf_akgl,No
gencensarkcaeli,No
termehsa,No
ayfchails,No
mekoker1,No
adonaiao,No
erdo43552722,Not sure
mertokel1905,No
basakirmak1,No
nikosivri,No
scagdasakpinar,No
cumatura10,Yes
yunus02839405,No
aquacultureee,Yes
alperenkocamanx,No
s_divane,No
ardaaslann7,No
mm_neyse,No
barisborekci,No
senay__34,No
mr_tartuffe,No
eylulamacelebi,Yes
mykkyuala,Not sure
azraakssoy,No
yildirimyasemin,No
baha_tekin,No
xserkanx_52,No
wind_crypto,No
pepecurasabri,No
tazmanyaakk,No
sumin_zip,Not sure
sk_orchestra,No
znarkoz__,Not sure
kaichiato88,No
ixbaran,No
vuralyorulmaz51,No
redrevil7,No
23_04_1920,No
cengizalgan,No
erdozombi,No
fwithlight,No
fieldinggarth,No
kaiser6franz,No
cenk6962997,No
popislalesi,No
ernealist,No
1bariis,No
myeonb1n,No
eliffsworld,No
barbaro71615749,Yes
drrmyst,No
tulialfreda,No
calapqulu,No
yasinsahin07,No
kiral12k,No
nese_senturk_36,Yes
salihya72430460,Yes
canoznur72,No
fikret_axu,Not sure
emreroglu7,No
cigdematabek,No
duygu_ersoy11,No
zehra1983aygn,No
barcfiliz,No
sakinein1,Yes
oktaykaman11,No
celaldemirba8,Yes
erkanceyhan14,Yes
hancerlendik,No
omerkavili,No
s_kulte,Yes
gzdnasagiksmps,No
damlaya17606944,No
srhtsyn,No
kill2mymind8,No
hopekookart,Yes
ykarakaya25,No
daimanisa,No
nurlusohbetler,No
figensumeyyee,Not sure
zulfikar_koc01,No
okanaksakal,No
eminenrsrky,No
exojnk,No
lincanss,No
meruluta2,No
tuncermhp,Yes
rkiremitcioglu,No
feristeozcan,Yes
mustafanisan18,No
siyah25107466,Yes
celebirba,Not sure
koseyazilarim,Yes
fatma19_05_1919,No
tufansimsekcan,No
agahergin,No
no0_bo0dy,No
sterkadersim,No
demirbleck,No
nostaljikzorba,Not sure
kahraman7_,Not sure
mertozcan48,No
koko_324,No
yaltakgurbuz,No
ekonomistdergi,No
promoturka,No
raufgnn1071,No
mnevverakar4,No
umutinho1907,No
yolcu32688231,Yes
cihaniste_,No
turgutk20098955,No
kaanmtin,No
t123456beyaz,No
sstankisi,No
temelrt_0666,Yes
bergovicc,No
bercest41070423,Yes
babakar82739093,No
mrsbruntley,No
huseyinsemizark,Yes
rheinneckar_de,No
whitellotus,No
silannerdogan,No
burcuumak,No
gnc055,Yes
zeynepak67,Yes
enesns6,Not sure
cengizca2,No
nezircicekk,No
grumpyywhovian,No
cesmirt,No
gurbet_ozdogan,No
beratoguz_haci,Not sure
technical3425,No
alperbyk06,No
emir96525405,No
mahmudoglumurad,Yes
folmez001,No
azramiv,No
cig_deniz,Not sure
radyofl,No
coinkafasi,No
gokhan09549597,No
cyanurelover,No
rakigibisin,No
akpartigulnar,No
hela73242947,Yes
cointr,No
gonyam42,Yes
ilbilgehatun28,Yes
metin93517429,No
lavinalaz,No
livesshadows,Not sure
niksariyer,No
yorgndemokratt,No
tanerridge,Not sure
mehmetb45333694,Not sure
aytekingv5xz,No
sekerciummu,No
basuslusebnem,No
basaltunbek,Yes
kunftigintre,No
bernacik76,No
ikinoktavirgul,No
gizzboran,No
tarkak38270210,No
arz_i_sema_5_rt,Not sure
dianalesspo,Not sure
serjinyos,No
funda_tkysr,No
akincilar__,Not sure
emine41815866,No
glassesfatih,No
muraatonder,No
vatansever2779,Not sure
asligoncukose,No
barisuzun_001,No
zdorovvadim,No
kahramanve,No
sibellzorbaa,No
hasan_savasc,Yes
_____katre____,No
fatihakyldz96,No
ssevgikelebegi,Not sure
atsularem,No
_urveka_,No
lil_investor_,No
olmuyorr_sensiz,Yes
ucgaripyolcu9,No
kizilbayraknet,No
duzadam4,Yes
dogruek,No
mustafatamtam,No
berrakue,No
ufkdgrc,No
kok_e,No
muallimathe,No
samsunagizvedis,No
namjunum,No
ayseyoreogluu,No
omer_kiliclar,No
fatihyl83176704,No
assabiyim35,No
onur52935192,No
melankolinyo,Yes
bucherdiebin,No
muhsinmacit,No
timasyayingrubu,No
ahmetcalim3,No
ozan5mz,No
nazlicik_,No
jadec1llenr,Not sure
chpaltinordu_52,No
boemkaii,No
caprisanyyyy,No
agazadeworld,No
bobogretmen,No
fearlessalanya,No
hnkaraaslan,No
kborcbitiren,No
erhanoksuzz,No
gozumun_kiblesi,Not sure
aysuuayhn,No
07genclik1981,No
oppulsive,No
dunyabestebuyuk,No
f_kiyanc,No
muhendiskezban,No
sabiha57125,Yes
cansukrq,No
melih__arda,Not sure
serdarocal_iyi,No
karli_hope__,No
dahafazlahaber,No
prns3436,Not sure
gslibiradam,No
gokbeyhurkus,No
ismailcatakli,No
i0372863,Yes
ylmz_akrep_rt,Yes
marjivinn,No
guzel_ulku,No
barinkaradag1,Not sure
emineka21703470,No
karaagacceyda,No
retweetlendin5,Yes
askbizimledir,No
atatos42,No
0020murat,Yes
itsmedaisy0,No
cihanyasar72,No
ilkerrbenn,No
filizozer17,No
kunduz44,Yes
rudyislord,No
haphapteki,No
lefter1_,No
kubraa_karakass,No
suaveragah,No
burak91951175,No
haritatknikeri,No
rynaydn,Yes
leylarizeli53,Not sure
berkeskinler,No
expectoll,No
adamruhtan,No
arsivdenkesit,No
dlk35603460,Not sure
deryaekdersli,Not sure
darginihsan,No
kevser11627347,No
iamserhatg,No
dfkoray,No
ardaergani,No
mavi_hydr_bende,No
kalemcisirin,No
meral9308,Not sure
stigmahoria,No
hanifeynr2,No
kumrukaraaa,No
o_ogameovero_o,No
miss_rodolo,No
imahunterbaby,No
hiramusta4,No
cdtugcee,No
ulugnalan,No
munise31071833,No
hekim2066,Yes
zelia_1903,No
zafer51715124,Yes
ebrarengizz,No
nedenjoseph,Not sure
culamozay,Not sure
ylz6866,No
meryem_kurman,No
mihailramazan,Yes
hazramazan,Yes
mhatipler,No
ismalozek,Yes
cnslady,No
mirxannnn,No
omeryetkin11,No
aliozgultr,No
mstfkrsln,No
twiceteamturkey,No
egetaekok,No
dytbanusalman,No
m_sukruoglu,No
alppoyraz261294,No
10_balikesir_10,No
honeysblossom,No
evcinidobbyy,No
merrvemii,No
barbarosozcann,No
angcljay,Not sure
____umay,Not sure
cnylmz481,No
genco_sterk,No
haberalerkan,No
ercaan52,Yes
hydra_cyber_,Yes
ask1512,No
karakopruak,No
oktaydemrl,No
___1453__,Yes
elfida2110,Yes
paolo_emir_,No
esra_es0,No
eseleyicizm,No
orangeliko,No
sinemakmnkrp,Not sure
hucurat_10,No
kanarya0640,Not sure
mcapu53,No
oguzhanaras,No
gebzeeytsydd4,Yes
meroo_2101,No
ergin_yusuf1907,No
halidabdo,No
er_volley,No
vicelilaziko,No
burakz54115129,No
barcelosfatihi,No
avtarikcoskun,No
xrumeysatilbe,No
missed_woman,No
bayramgrler13,No
ayempasta,Not sure
bbusekya,Not sure
kibriswebhaber,Yes
mihnetsizkul,Not sure
semacakr5,Yes
umutcengizz,No
mehmetr2002,No
takaph_cavidan,Yes
lrgaskk,Yes
niluferslmnn,No
cemgnd,Yes
brahimhalildo15,Yes
gazeteyolculuk,No
yapilaaaa,Not sure
orhansaribalchp,No
bozkurt0204,No
yazarbazen,No
mbeccel11432732,No
azdavay0,No
saliha97105330,No
evolveist,No
5maide56,No
yasarcelik68,Yes
cakir_rusen,No
kut_alya,No
yilmazesilaa,No
1ozgurce,No
birtprencisii,No
kutrobul,No
noluyoabi,No
belkisizgin,No
mustafa76595213,Yes
erguntasci52,No
mhtblc10,No
erenusss,No
sedabalcan,Yes
serdal33333,No
biansiklopedi_,No
yukselenhukuk35,No
_m_eryem_,No
ittihadislam2,No
alves16_gi,No
baranymo,No
cyabass,Not sure
hatice69942968,No
ekremarpak,No
mkeremkoc,No
nowimyurdaisy,No
ismailpgnkl,Not sure
hasanylmz1903,No
fiasko66,No
yasarasilturkk,No
bxqduufhfjtu10z,No
feridunabi7,No
srtdzgn,No
suleymaniye_vkf,No
byengineer0x0,No
zlemgve92764172,Not sure
hpaydn,No
kaan783889521,No
bagimsizekran,No
semiramisxx3,No
asyap_biraz,No
torbinodin,No
mhayvansal,No
tarimsuleymann,No
vedat_ulku46,No
erlingufuk,No
mariamektall,No
namliv_1892,No
zulfudemirbag23,No
theghostsc,No
smltnc,Yes
biryumakhis,No
zzzyrmt,No
mustafa82388067,No
suns_024,No
radyolojigurubu,No
abdullahecevit,No
dolphinderwald,No
muge_dograyan,Yes
kulteginozkan,No
seymade01690182,Yes
_memnuniyetsiz,No
jeonsnowy,No
sami03647807,Not sure
9dokuzkh&entry.1435088866=28167,No
kizcansin,No
kabikavseyn,No
semanurryilmazz,Not sure
bisesvarmedya,No
ademgncrr,No
rockbison95_,No
diren__ask,No
hazan028,No
orijinalfenerli,No
fenertweetleri,No
mehmetguzel45,No
mcirakoglu48,No
floryali_1905,No
lknur8000,No
ececce,No
orhanbalta8,No
mehmetbulbloglu,No
hacibektaskc,No
huseyin21391462,Not sure
etkinkahramann,No
mustafa46632971,No
simongeziyor,No
kyailyas,No
changbiningyusu,No
wtfderya,No
tobbiletisim,No
ikemalko1,No
kocakaplansinan,Yes
yaseralkhouloi,No
nihalrt_,Not sure
ankahabera,No
panikyfps,No
perihanolca,No
grsynl,No
rsceran,No
tekerleklibavul,No
ufheryerimagrio,No
ikobaydar,No
ahmetsizerr,Not sure
mrcannatalia,No
pitposum,No
abdullh_cskn,No
tncayzekis,No
chilli03,No
poykuwashere,No
kabdullah786011,No
omerarvas,No
ozlmuluturk,No
nesrinozoren,No
akgunusame,No
baysalcaner,No
benmortyy,No
kayiptanricam,No
abaca842,No
canercakkmak,No
nessdeyeter,No
elif772442,No
abdulkadir_sylk,No
roh_an06,Yes
aysehansakus,No
eminecandemir34,No
suatakk04062533,No
ormandakikavga,Not sure
islakmeseodunu,Not sure
cancankesen,No
kaanakz,No
gencay_bulut_,No
mavi07512541,Yes
suzsezzm,No
farukmfatih,Not sure
atalaydursen,No
birdunyafilmco,No
cuneytyonet,No
aliihsanyaman6,No
can_yonder,No
salihmukul,No
shndrkts,Yes
yavzinyo,No
sabriucars,No
zadalet_com,No
kevrojorhan,No
nurco8,No
alpagu_dumrul,No
huzeyfe_nyc,No
mahmut_oluc,No
1asellhn,No
elifbrada3,Yes
yvzah,No
atlantikfedaisi,No
hayyzukk,No
katmiese,Not sure
ihan_kurt,Yes
cryptozannn,No
cehrelicc84,No
askida31,No
tallisman_11,No
cemal12105736,No
bayramagdag,No
baris_mukyen,No
siirtocak,No
arzuerdemdb,No
ferdanurkosar,No
regloloji,No
hamzaka81524311,No
gelbicoins,Yes
2023trky,No
yusufvow,No
engellifinansci,Yes
melikesgrc11,No
kran45291434,Yes
alikilix,No
canan26891336,No
arasguvenilir,No
yinemikadir,No
bosverdime1,No
faaniadem,No
armaugruna_com,No
ali15572779,No
ilyas63947779,No
astemirey,Yes
halityeltekin6,No
enil567,No
qelbimde,No
myevilways_,No
duygudemis,No
hakislamdavam,No
ataniyombenya,No
kemalist955,No
davutgurkan,No
yigtakds1,No
oku_demir,No
morreyy1,Yes
tahranbe,No
sclrsln,Not sure
bjkadri1903,No
allllperss,No
halil_altunel,No
miinademiir_,No
bir_ogretmenimm,No
muhamme22012160,No
gnay1selim,No
nothabercom,No
aldagnurcan,No
burcuthebadass,No
semanuraydemir8,No
gullsah_durmuss,No
kul4_kul,Not sure
aleynaasli08,No
bahrioztaskent,No
antalyavalilik,No
handsamenginer,Yes
zubeydegucum,Not sure
fk1yqufnylbcziq,Yes
transferhaber6,No
ibrahimkuukakr,No
gulserenozuball,No
kitvocal,No
polmakkartniy,No
eytserap,No
gl_fbli,No
rgilhamsyah,Not sure
yusufcihankaya_,No
sedakalemm,No
empatiii2,Yes
orgeismail,No
yusufturkyucel,No
z1289z,Not sure
kurtsair93,No
yavuznan11,No
musti30144883,No
donanimhaber,No
eyt_h_ali,No
haticetuncayka5,Yes
kmnhdz,No
crojawa,No
avaliozkaya,No
seliqe_,No
whyrbeyza,No
i_buke,No
mustafaeyupoglu,No
sellyapisces,No
makifbutun,No
hudayiyucer,No
mevlutcavusoglu,No
seninleyim_reis,No
kronikkitap,No
candideah,No
merihbey53,No
behceterz,No
aligmen20574263,Yes
diskyandexvideo,Yes
ismailcolak52,No
ayhanyasin33,Not sure
haberkibris,No
seymagmsbs,No
ouzhan63814595,No
asgardlihamer,No
reisinzinde16,Yes
1907brdl,No
nejdetatc2,No
frogman0079,No
ahmedalisonmez,No
ozgurozdincer,No
gleroru1,Not sure
elikkkooo1,No
esradulgar,No
anythingknowz,No
yokhissim,No
gmtayeim,No
halilortakus,No
nirwana9214727,No
hayreddinburcu,Yes
faruk__yayla,No
bu_bir_,No
bilisimnethaber,No
surecfilm,No
hatice51604364,Yes
_osmanaydogan,No
kubussskr,No
ftmkhya,No
sondaki84403325,Yes
uludagasbz,No
yaprakgulden1,No
hayat222222222,No
serpil07eroglu,No
habibeyza,No
sozlsmeli_ogrtm,Yes
didoyevski,No
akkadinkonya_,No
emineileri34,No
imambakirukus,No
ruhumenflasyon,No
turangillerden,No
justetoiii,No
salihaeri1,No
gizcocuk,No
furkan35le,Yes
kocyildirim,No
erenavc27,No
akpartimalatya,No
handanpeker1,Yes
__zemherice__,No
elifnurakzzz,No
postaci_1,Not sure
onursal_nilufer,No
trakyali_3934,Not sure
yunus39389176,Yes
erhancimenisst,No
kutulh,No
atamgmz,Yes
kemalinaskerim,No
pallaroccia,No
esra16734626,Yes
kaddoussic,Yes
kardesler_25,No
cihattufenk,No
gsb_tokat,No
muhammedkurul66,No
mavimyth,No
akarayelfr,No
yildiztiibe,No
erdemkaankoc1,No
tkocaq,No
artioksijen,No
abdulka64639796,No
alpturac,No
erenerdemnet,No
irene_v_adler,No
simlisueellen,No
tahasariguljk,Not sure
komunistbiri34,No
drhalisbayrak,No
gkhn_46_akbb,No
coder__101,No
_nuuurr1,No
eser_2216,No
brteine27695947,Yes
bisalsalbe,No
aylakma11374035,Not sure
herneeise,No
konyal29012273,No
ibrahim61966688,No
fhmtk10,No
elifff_zrl,No
damllaaciik,Yes
fdnarcicegi,Not sure
ulkustaj,Yes
vedatpetekkaya,No
merve_yigit_,No
no1iniz,No
sadkeki3,Not sure
_lefter_,No
kuba_tozkoparan,No
iktsuarqok1,No
savgado,No
filiz_celik_sah,Not sure
afsin465,No
macitbay,No
esmazumra1,Yes
aysel57418577,No
fatihmu42983079,No
hisierimyok,Yes
sabahhaberitr,No
emineturgut02,Yes
lastante01,No
karadagliturk,No
zelihaaa545,No
turk_ayland,No
2020lilerindir,No
saltuk_66,Not sure
3keremermermrve,No
sunakilic5,No
aleyta_,Not sure
adem60677738,Yes
linohw4ng,No
tekilat14,No
hulyasahin1907,No
_34ahmet61_,Not sure
siyah______a,No
jacksparrow072,No
terken,No
lvioraz,No
ahmedim4549,Yes
ogunbyrk,No
kadiralparr,No
beyzasusbiamk,No
bitcoinanalyzer,No
skyfall1614,No
alpkvs,Yes
erhngngr68,No
gogoman34,No
zzynpkbra,No
57_mrlgl,No
dilek36642424,No
ramoderlerx,No
knortas,No
maab1907,No
frankmcravall,No
huseyinkaragz11,No
akvisnelikkadin,No
reacthor,No
gizemilvaan,No
systemdesk,No
7_eren2,No
cinola27,Not sure
irmikyardim,No
okanarasizm,No
krkbirkalp1,No
kursatc8,No
duyguedakurtol1,No
haberankaracom,No
tosunerkan81,No
hatice3540,No
seher_2021,No
kalbi_dua35,No
sacmalamayaren_,Not sure
35denizderin,No
amazontr_,No
umitylm49523895,No
ny98032429,Yes
vakanuvis02,No
akinat4y,No
girislerparali,No
nurstentacion,No
fenerlgkhan1,No
damlasarta3,No
gkhanzm11285734,Yes
deependly,No
cgdemglhn,No
atamabekleyenlr,Not sure
okultistkadin,No
dleidele,No
pitoreskaa_,Not sure
canerfenerbahce,No
aydzorlu,No
fuckngcrz,No
__samimiyet__,No
ncan5881,No
n_a_z_e_l_i_m,No
drmehmetcerci,No
nazli____,No
ipekksakin,Yes
resat107157167,Yes
tweets4onur,No
mustydmr657,No
hlk1903,No
bbcagp,No
ramazanaslan04,No
ozgurluk88,No
mimarburaky,No
ahmetar18840361,No
capultaspenguin,No
themelioristt,Not sure
mahmudefendi_ks,Yes
habib07070707,No
selmakarakas01,Yes
iremzeynepgenc,No
polatameldar,No
enesizm23,No
osmangolyeri,No
zerointears,No
mickeyyy_qanda,No
6969emekli,No
zeytinliova,No
kendimiyedim1,No
beyzaklc23,No
zrh0895,No
kayraeertas,No
memleketincefan,Yes
yucelurtac,Not sure
furkancelpoglu,No
karadny_,No
onlineegitim34,No
dogan_bey3458,Yes
merttbatur,No
drkaracenk,No
teomancigim,No
gaspadin252,No
yildiizfth,No
mustafaevce5552,Yes
agresifurkanc,No
vbarkahan,No
sercan82295899,Yes
sunfthobi,No
veliaht_osmanli,No
nemutluz,No
akparti_455334,No
idris_mammadli,No
fettahyigittt,No
yasarefekprl1,Yes
elifozmen0,Not sure
inssyaf_,No
av_burcu03,No
asemra,No
enfallk,No
idylidl,No
baharac13495917,Yes
safdirik,No
mugurtalu,No
zbs58998808,No
abdullahozkaya,No
begumbohurlerr,No
sekizimseksek,No
john_oxygen,No
c_zarifoglu,No
tgtugcegurkan,No
exoatzskz,No
ulusalkanal,No
fandolari,No
efso_2306,No
littleejoke,Yes
sltnplt1012,Yes
supurgesini,No
acarrdogukan,No
eceozyagizz,Yes
indigodergisi,No
os1m4a5n3li,Yes
s_n_f_c_n_z,No
viankoma,No
aydinsezer06,No
orhan0025,No
karaarslansilan,No
sweetinthemidle,Yes
gilinduri,No
boydakhasan,No
ertan_ev1907,No
thendofinfinity,Not sure
woodsmanguy,No
aartobellisahin,No
secereinur,Not sure
mevki32,No
bangtanshei,Not sure
baas26,No
traderbuko,No
v1994162,Yes
bahar08403463,Yes
arfyildiz8,Yes
demir__41,No
abdulla73539626,Not sure
mrlebedinsky,No
gozum62,No
dearhakann,No
rektsonaezel,No
dilan152414,Yes
meral_aksener,No
miyakontesss,No
salo_melou,Not sure
fatihde80666455,No
wirausahaaa,No
hilalocktn,No
inayet_hatunn,No
moglusongul,Yes
serdarsaglik7,Yes
sarperistan,No
tolga26429579,Not sure
unibilgihat,No
esas466,No
senolunkocasi,No
tolgayeter25,No
_aslanice1905_,No
birazcikasabi,No
gabrielarwmanou,Not sure
orhankaraarsl15,No
dkdydz_,No
nurcan11101,No
sol__yumruk,No
kimenekikimene1,No
nuketunsal,Not sure
bitter_almond_,No
zeki_beyaz,No
yagizyabancisi,No
faruktever,No
mehmetfendogluu,No
22crixus,No
elgunsuleyman,No
mehmet_birer_42,No
eyvallahyoksize,No
nedret1968,No
onderalgedik,No
pvamagics,No
neduko,Not sure
yilmaz77231216,No
berilyumm_,No
uzmangida1,Yes
princessoftrut1,Yes
murat79507735,Yes
eyt032,No
yigitbulutt,No
figen_koprulu,Yes
berrin_ceran,No
_erenkaynakoglu,No
deeryabalci,No
nlisanstds1,Yes
siyahioyuncu,No
sultaniyegah07,No
veisy34,No
mavikent2,Not sure
selehattinpasal,No
aydgduonur,No
seycnr,No
servetkocakaya,No
galais1071,No
erkanalpaslan2,No
bayram_ertas59,No
onurerturk1903,No
aemanet1,Yes
snmezsnmez14,Yes
musti19031986,No
necmettinozell,No
ivankile,No
hikayemiz881,Not sure
karadeniz28_,No
finansalteknik,No
besikcicagla,No
kadracikgoz27,No
39nicalper,No
baak04056510,Yes
vefaagayeva41,No
_mavi__kelebek,Not sure
cemtunc62,No
ozludb,No
kyulixam,No
naifmuhafazakar,No
ssadecebusra,No
aye86835879,No
ataturkcu_ruh,No
alpertekin34ist,Yes
pskdanisilann_,Yes
pubgmeryem_,No
lapseki_tsm,Yes
_aybuke_51_40_,No
fratalbayram,No
yusuf34b1,No
__ela1453__,No
fatih__bildik,No
istanbu01838330,No
kalb_i_sema_5,No
brownmunda__,Not sure
neolcamben,No
alikara10528453,No
urasguzel,Not sure
nightwish137,No
gentasci1,No
gokcanovalicom,No
cansukayamyy,No
milligazetecom,No
elysiqsnmi,Not sure
haber_strateji,No
cngz_slck,Yes
yakupekmn,No
mehmtefeokyy,Yes
yazarogluy,Yes
manisal66304600,No
reis_6759_5906,No
owlfaithless,Yes
duruakanayse,Yes
mesutsamanli,No
aknt270,No
engelscilik,No
turkishfacts4u,No
sultan_mkm,No
cerenaytemiz,Yes
abdulla26101062,No
sehvardurru,Yes
voleybolunsesi,No
mehmetsaka41,No
ksc_fan,No
mehmetkurtrt,Yes
theliarlawyer,No
nazifesancarrrr,Not sure
mkocer06,No
sematannm,No
integralsabiti1,No
muhendismeh47,No
ahmetsolmaz01,No
neren61,Yes
bornsoui,No
macaristanbe,No
idrisserdal,No
trabzonium,No
omu_mizah,No
milli_ulku1,Yes
nicolaasraamos,No
hudayi38,No
lov4ksoo,Not sure
karganevrotikk,No
durusimay1,Yes
ardahappyrock,No
meliamadeli,No
melikee59041925,Yes
kozmonotyurii,No
haizbays,No
seytanman3333,Yes
devecihukuk,No
tutunamayan1i_,No
mehalofficial,No
pedrocapitoca,Not sure
denizsaynn,Not sure
naztuna12,Yes
necatinennioglu,No
79bf3a7ae224407,No
gzdekaraarsla11,No
eedm3427,No
gulay_0645,No
dorduncuatlisi,No
sertachoca_1905,No
seyduna_21,No
buzzspor,No
gokhanizgi34,No
ngin35,No
yasarugr,No
karagzlm91,Yes
zaferkasap17,No
sedarslann,No
kimtaehyung_5,No
hakankarsak2,No
grayelep,No
ekpssg,No
nevinnecef,No
ceylanaaya,No
ummunazmetin,No
allahuekber1453,Yes
sabri_byramm,No
gl41745156_gul,No
emrecanyardimci,No
___sanane_____,No
kalbiderin,No
rtasdemir6,No
atnamayptukenen,Yes
erkancan0834,No
emreynrsk,No
ezelbayraktr72,Not sure
brnsuleyman,No
sutcuimam_4,No
sndhjwnsjs,No
nazlibigg,No
yesesm123456,No
demetkale7,No
ozlemsu111,Yes
ladychamallow,No
aycaaalinkooo,No
zkannizam1,No
bdbaby20,No
limitedboyfie,No
mhpferhatdogan,No
sulohal,Yes
osmanliserpil,No
19_emirhan_03,No
tosyaker,No
burgerkingtr,No
evosangels,No
tucobenediktop1,No
zoeabrilf,No
atanamaz_kc,No
semaanur___,Yes
durmukse20,No
basaranorhun,No
bmutluseferoglu,No
furkan_cyln96,Yes
akkayasenol1903,No
nurullahpelen11,No
cevatyaman8,Yes
siinemm_,No
onur2yldz4,No
turkseref,Not sure
iskender_hrmnc,No
turkishchess,No
hicizivucud,No
kursatkaratas_,No
ert9873,No
karatayzafer,No
hopcanmurat,No
selcan_duygu,No
aynurerzengin,No
zirmuhaslan,No
sawitzer,No
bure60123821,No
buseeyesil1,Not sure
evrencoskun49,No
bbbozarslan,No
avmustafakorkut,No
celikallim,Yes
eliff_bal,No
turgaybastug,No
esraerim12,No
yaammtar,No
nerminayks7,Not sure
havvasert19,No
mzekitr,Yes
haliletyemez,No
daisypapatyya,Not sure
ekremalpay8,No
mendirek1899,No
fz614420884,No
yogimo07,No
yorukresmiye,No
semanur87355458,Yes
maturkce,No
ziraatmuh_atama,No
lutfielvan,No
nocontextreis,No
jostaldi,No
alicinar,No
anilcadir,No
egitim63,Not sure
mzekikoc,No
meb_dinogretimi,No
0060mehmet1,Yes
talhacoskunfilm,No
murat58498618,No
sevimlicerenli,No
muazzezkarakuz1,Yes
evambah,No
hasansa40870767,No
sellygommyy,No
ekremkr1453,Yes
su68481597,No
ugrdenz34,No
sansy_yurtsever,Yes
ekmekcieyup,No
hakyolunyolunda,No
yusufcanbyrogl_,No
demirbey06_,Yes
blue_4006,Not sure
suslilcus,No
duygu7642,No
esmerharu,Not sure
ismetcanimek1,No
bingolakparti,No
kyngselnm,Yes
ayseduzkan,No
butterflyyyd,No
tecillideli,No
prof_dr_gevrek,No
eminehlvacioglu,Yes
refikolmez4040,No
azraxxxxxxxxxx,No
aktan5707171,No
poyrazsporbigg,Yes
chimsure,No
ossocann,No
nerimanyavuz1,No
esragumus2383,Yes
tugbasareee,No
devecis,No
tasdansongul,No
sonlilixn,No
ishakbatur,No
siddetsizlig,No
adalet188,No
bin_deniz,No
dentalassistan_,Not sure
sahn26787573,No
jubahsyy,No
acrcrrah_vdt,No
meftunille,No
gs190534038533,Yes
mkabesiktas1903,No
purplexkth,No
mustafamrsel1,No
saripiso1,No
graphicturk,No
herkesuyusun_,No
beyzanurrylmaz,Yes
mehlika908,No
_thedeadhopesss,No
atavrratvettel,No
pskcrnn,No
rozeringuray,No
emre40980757,No
berkanciinar,No
earikmert,Yes
doanekici1,No
cengizerkaraman,Yes
yusuftaflan4,No
fazlb58,No
4bblue,No
bankacifiliz1,Not sure
galipcanbay,Yes
sadiktanrikulu,No
nermink61780760,No
abdulbstkrk,Yes
igdir1903,No
vekilhar3,No
jesuss2022,No
sekerhatn,No
kovaburcuinsani,No
mslmakmak10,No
dilatokgoz,No
layluyy,No
dermanidert,No
tanrtrkkorusun3,Yes
iremtwitte,No
brs_ylmz,No
ronadogan,No
ehguzel,No
turkcemagazin,No
akranya,No
sekurehepguler,No
usupcanim,No
alpsirman,No
fth_cetinkaya,No
__1453__gulsah,No
medicalnews2020,No
unalic,No
sivena34,No
damlaagz,No
istanbulocak,No
cizrekaymakamlk,No
moodoftweet,No
emete_sosyolog,No
tahirasar923,No
enivicivokke35,Yes
pekgizli,Not sure
muhamme32197936,No
diliges03,No
merkaangne4,No
jeduskaa,No
kamudanhaber,No
berkaydiin_,No
hzl09643488,No
aggun16,No
yitikkentinsev2,No
serkanem16,No
halkbaskanlari,No
sinirlifenerli,No
2dst_,Yes
kalpgz20,Yes
egum08,No
yasemininizm,No
serefalisevik,No
mcdogmus,No
betllokuyan,No
meehmetalidemir,Not sure
spinoza_st,No
kaanhba,No
anonimyorum,No
whalesignalapp,No
sorgulayanturk1,No
myesserknay,No
cemilcan5834,No
muratsaglik82,No
saadet25251,Yes
ormevlut,No
sudeserap2,Yes
ahgankara,No
batuamahanolans,No
mus_mus_mu,No
yeimzca25781035,Yes
afk_1881,No
gojofern,No
7ecf352121c84ef,No
_benedikto,No
tan_3101,No
mehmetk60605320,No
ztaskesenlioglu,No
fatmanurveotesi,No
partiligazeteci,Yes
dissquieet,Not sure
rerze5,Yes
ankabey06,Yes
ozdenytmz,Yes
turan_3460_,No
suleymannn0,No
akdamadana,No
5399gfb,No
aysun47310991,Yes
iozgezici,No
tutkuhemsire,No
lonelypumpkin,No
barzu78,Not sure
kerasus68,No
the_moongirl_,No
tasar_cemal,No
fzt_burak,Yes
nev29268677,Yes
lazpacis53,No
tayfunnulker,Not sure
gonul_terazisi,No
maldemir23,Yes
_kadini_osmanli,No
themisturk,No
argodizayn11,No
ntepenese,Yes
___nnln___,No
once_vatanrte,No
cihat23kya,No
gufransenol,No
a_barunn,No
iyigaziemir35,No
00yonuruldgnn,No
meryemsurmen,No
onnrrylmzz,No
komplokomplo,Not sure
alycany,No
peanut2crunchy,No
fayans_karo,Yes
muratugur1903,No
ceviribilim,No
mhk_developer,No
bcurlish,No
idem01859396,No
tayfuntayfun59,No
kemalist_banu,Yes
selcuk_karakus_,Yes
fraterol54,Yes
maviaycam,No
dasiyesiyedek1,Yes
femsouriante,No
06_afsar,Yes
kutsal_kafa,No
cavitmehmett,No
koray57976316,No
sonsimyaciyim,No
birlesikmedya,No
ihugkebbie,No
oktemelife,Yes
santiant0007,No
heppsonradan,No
burcu_bsn,No
paramedikelfsrn,No
murat_cikar,No
kaygisizhan,No
tgrthaberspor,No
eslsude,No
medikritik,No
cuthulya,No
bilgibakanligi,No
incitogul,No
hakanadsz,No
ibrahimoflaaaz,No
fridakahroldu,No
ekremel23231685,No
tkk9795,No
galata1297,No
candemr96343821,No
reisicumhurvip1,Yes
srvabo,No
ylzsedat,No
gdamhen49594061,Yes
meyroderler,No
sdtdrtl63,Yes
matoo1907,No
celaluyaniik,Yes
graziderrubada,No
gsaslanmeclisi,No
sinan_kilic5577,Yes
tavvaan_v,Yes
glcanyank3,No
osmansrt,No
hainkostaks1907,No
gtostos,Not sure
ihalilesiyok,No
kadersekerrr,No
menesozdemirr,Not sure
veryansintvcom,No
sudeylm88584677,Not sure
glsvmtkl1944,No
rosarvensis,No
safiyyesultan3,Yes
macarinoo,No
ademmetan,No
yasemin91751535,Yes
salihters,No
akamurat67,No
fuckksm_,No
mimarince,No
mesuttcicekk,No
gudarbulunmaz,No
ayhnakn34,No
gizlisevismeler,No
ragnarsurvi7,No
yonhaber,No
bs2046548,No
turkcehaber,No
berkcanulasx,No
aslelifgven1,No
yaaralaz11,Yes
muhtesemnasir,No
yunusemreyasan6,Yes
karadeniz_haci,No
kranerd80934849,Not sure
ofi1971,No
34_emrullah_005,No
nuri_1_,Yes
deniz1377,Yes
senihdal,No
faezeh_96,No
kaya_1160,No
obaspinar80,Yes
kilicdarogluk,No
hourlybtshand,No
k85606586,Yes
mertizy,Not sure
sliveanaliz,No
krkarak61718817,No
ebrar31135023,No
ebru_inanc44,No
siladelirdi,No
emrekar9838,No
asdcesmeaadasd,No
cengiz66han,No
abdllh_ydk,Yes
hasansvari2,No
kartalbafiler,No
adnan13ozturk,No
abdullayeva____,Yes
hope2485,Yes
retmen83411514,Yes
shullexx,No
kiwinohana,No
kupakralicesi53,No
muhamme44063672,No
galaopta,Not sure
hygea0,No
ama_ensar,No
